name,character_class,level,build_type,benchmark_dps,description,created,build_url,source_url,sample_dps_index,class_dps_index,normalization_min_level,sample_median_dps
Frederique,Rogue,231,Damage,7912.0,Level 231 Rogue build for Gelebron (6m),Sep 28 2026,,https://the-codex.ch/builds,83.61,75.57,220,9463.0
SuiR,Ranger,250,Damage,11286.2,Level 250 Ranger build,Sep 27 2026,,https://the-codex.ch/builds,119.27,102.09,220,9463.0
AzaGodly,Rogue,232,Damage,8408.4,Level 232 Rogue build for Gelebron,Sep 27 2026,,https://the-codex.ch/builds,88.86,80.32,220,9463.0
SUZZ,Ranger,250,Damage,11286.2,Level 250 Ranger build,Sep 26 2026,,https://the-codex.ch/builds,119.27,102.09,220,9463.0
MageIceS,Mage,250,Damage,5560.7,Level 250 Mage build (1m),Sep 26 2026,,https://the-codex.ch/builds,58.76,77.07,220,9463.0
Cerri,Rogue,232,Damage,7983.7,Rogue on cerridwen,Sep 25 2026,,https://the-codex.ch/builds,84.37,76.26,220,9463.0
Sage,Druid,233,Damage,4909.5,Level 233 Druid build for Bloodthorn,Sep 24 2026,,https://the-codex.ch/builds,51.88,94.26,220,9463.0
Yungbrat,Warrior,231,Damage,9530.7,Level 231 Warrior build for Gelebron (2m),Sep 20 2026,,https://the-codex.ch/builds,100.72,79.40,220,9463.0
Surya8,Warrior,233,Damage,11982.1,Level 233 Warrior build (5m),Sep 20 2026,,https://the-codex.ch/builds,126.62,99.83,220,9463.0
Surya warrior,Warrior,233,Damage,12695.9,Level 233 Warrior build for Gelebron (5m),Sep 20 2026,,https://the-codex.ch/builds,134.16,105.77,220,9463.0
DragonzxDX VOA Build,Ranger,231,Damage,8900.3,Level 231 Ranger build,Sep 18 2026,,https://the-codex.ch/builds,94.05,80.50,220,9463.0
meatball gele,Warrior,239,Damage,12747.0,Level 239 Warrior build for Gelebron (5m),Sep 14 2026,,https://the-codex.ch/builds,134.70,106.20,220,9463.0
smo practial bis,Warrior,235,Damage,12023.4,cer,Sep 14 2026,,https://the-codex.ch/builds,127.06,100.17,220,9463.0
MageIce,Mage,250,Damage,8314.0,Level 250 Mage build for Bloodthorn,Sep 13 2026,,https://the-codex.ch/builds,87.86,115.24,220,9463.0
IceMag,Mage,250,Damage,7214.7,Level 250 Mage build,Sep 13 2026,,https://the-codex.ch/builds,76.24,100.00,220,9463.0
Ranger test,Ranger,230,Damage,6314.3,Level 230 Ranger build for Gelebron,Sep 12 2026,,https://the-codex.ch/builds,66.73,57.11,220,9463.0
druid test 1,Druid,233,Damage,5507.2,Level 233 Druid build,Sep 12 2026,,https://the-codex.ch/builds,58.20,105.74,220,9463.0
Rogue suzu,Rogue,250,Damage,12529.8,Level 250 Rogue build for Gelebron,Sep 11 2026,,https://the-codex.ch/builds,132.41,119.68,220,9463.0
SuzuRanger,Ranger,250,Damage,11055.6,Level 250 Ranger build,Sep 11 2026,,https://the-codex.ch/builds,116.83,100.00,220,9463.0
Chicoo,Rogue,232,Damage,12663.3,Rogue,Sep 11 2026,,https://the-codex.ch/builds,133.82,120.96,220,9463.0
rogue ammy comparison,Rogue,230,Damage,12893.7,Level 230 Rogue build for Gelebron (10m),Sep 11 2026,,https://the-codex.ch/builds,136.25,123.16,220,9463.0
SuzuWarrior,Warrior,230,Damage,9395.3,Level 230 Warrior build,Sep 11 2026,,https://the-codex.ch/builds,99.28,78.28,220,9463.0
